{"zmuv_mean": -0.00015064279432408512, "zmuv_std": 0.08188480138778687, "window_size": 750, "hop_length": 200, "num_mels": 40, "num_fft": 512, "sample_rate": 16000, "train_epochs": 30, "original_path": "dataset/model_trained.pt", "final_validation_loss": 0.12149327248334885}